"timeseries";"Species";"PEP_ID";"Tbase_CDD";"Fcrit_CDD";"Tbase_DM1";"Pbase_DM1";"Fcrit_DM1";"Tbase_DM2";"Pbase_DM2";"Fcrit_DM2";"Pbase_TPM";"a_TPM";"b_TPM";"Fcrit_TPM";"Pbase_SIAM";"a_SIAM";"b_SIAM";"c_SIAM";"d_SIAM";"Pbase_TDM";"a_TDM";"b_TDM";"c_TDM";"d_TDM";"Pbase_TPDM";"a_TPDM";"b_TPDM";"c_TPDM";"d_TPDM";"e_TPDM";"Pbase_PIAgsi";"a_PIAgsi";"b_PIAgsi";"c_PIAgsi";"d_PIAgsi";"Pbase_PIA-";"a_PIA-";"b_PIA-";"c_PIA-";"d_PIA-";"Pbase_PIA+";"a_PIA+";"b_PIA+";"c_PIA+";"d_PIA+"
"1_Fagus sylvatica";"Fagus sylvatica";1;29.22737767;-1424.595683;15.07834952;13.45702457;-145.7984762;15.23940696;15.00536352;-37.19273913;13.20517759;0.089028854;120.9657708;15.63906631;13.20517759;0.082796834;124.5947439;23.61120175;0.027464393;13.33722936;0.082796834;125.8044016;24.31773737;0.030592156;12.80902226;0.083687123;129.4333748;132.9043658;-5.744121343;-0.259651962;13.46928114;0.0854677;128.2237171;25.65582436;0.036708434;12.80902226;0.084577411;125.8044016;136.170644;-0.035060885;13.33722936;0.083687123;127.0140594;100.7101046;-0.025023853
"1_Quercus robur";"Quercus robur";1;29.36682744;-1420.038047;19.22917775;14.49878775;-352.4240806;16.24046705;15.13299102;-45.38959122;14.56506702;0.099219845;163.6619372;36.38311516;14.12811501;0.092274456;171.8450341;58.07033401;-0.253719527;14.71071769;0.093266654;173.4816534;59.4622913;-0.256038941;14.27376568;0.093266654;170.2084147;250.2375111;-9.973173944;-1.16904627;14.27376568;0.09624325;175.1182728;60.86067717;-0.259015656;15.00201903;0.094258853;170.2084147;201.6701166;-0.048009282;15.00201903;0.092274456;170.2084147;180.319907;-0.042994184
"1002_Aesculus hippocastanum";"Aesculus hippocastanum";1002;27.05686057;-1167.957997;26.35676564;14.67787983;-628.2424461;18.27047391;15.9509389;-70.19168984;14.64145795;0.061887849;183.6806376;37.63376281;14.64145795;0.058174578;192.8646695;68.16760833;0.062781437;14.34862879;0.058174578;191.0278631;66.87516249;0.064017605;14.78787253;0.059412335;192.8646695;237.6591455;-8.63428578;-0.504122988;14.34862879;0.058174578;196.5382822;70.69868975;0.059003578;14.64145795;0.058793456;189.1910567;158.2958338;-0.027407248;14.78787253;0.060031213;194.7014759;130.8431668;-0.01888291
"1002_Betula pendula";"Betula pendula";1002;29.99350058;-1602.318401;27.60875308;11.09607515;-44.89706479;23.53745512;11.1330671;-0.789373019;13.58709107;0.042506315;248.4212672;37.84529799;13.58709107;0.040380999;258.3581179;104.2282026;-0.039714439;13.85883289;0.039530873;263.3265432;105.1718413;-0.043254544;13.72296198;0.039530873;258.3581179;213.0568735;-5.548290374;-0.373289108;13.58709107;0.041231125;258.3581179;104.4287561;-0.040416987;13.58709107;0.039530873;260.8423306;195.9975368;-0.027893427;13.58709107;0.039530873;263.3265432;181.8557417;-0.024416351
"1002_Larix decidua";"Larix decidua";1002;29.87167064;-1662.807285;28.41562758;11.85667181;-385.9459851;28.09667219;14.53103532;-160.9470755;13.89314271;0.06703216;203.0079145;45.70792665;13.75421128;0.063680552;213.1583103;89.47986394;0.383896452;14.30993699;0.063680552;213.1583103;89.47986394;0.383896452;14.17100556;0.063680552;213.1583103;215.7503855;-6.603322451;-0.251032271;13.47634843;0.064350874;215.1883894;90.76851643;0.377733049;14.03207414;0.063010231;211.1282311;105.0637106;-0.0050526;14.17100556;0.063680552;211.1282311;120.1210109;-0.010852136
"1002_Quercus robur";"Quercus robur";1002;29.79132707;-1549.314051;28.17180464;14.31660078;-763.9833924;23.10257623;15.80085534;-144.3439841;14.75522007;0.021957389;207.4842544;43.1168342;14.31256347;0.021298667;213.7087821;77.63932668;-0.021777052;14.60766787;0.020859519;219.9333097;79.85744594;-0.02398751;14.46011567;0.021079093;217.8584672;152.487491;-3.666554956;-0.319514398;14.60766787;0.020420372;219.9333097;79.54551226;-0.023072967;14.75522007;0.020639946;217.8584672;120.5365167;-0.01341557;14.60766787;0.021298667;215.7836246;116.6811584;-0.012801665
"1002_Sorbus aucuparia";"Sorbus aucuparia";1002;29.93508198;-1582.31554;28.72399159;12.36454094;-427.1904721;29.51564583;14.1807287;-129.9413281;13.84866826;0.094082483;221.742753;44.88540382;13.43320821;0.088437534;230.6124631;97.28754039;-0.330815373;14.12564162;0.089378359;232.8298906;98.41073527;-0.316386965;13.71018157;0.089378359;228.3950355;195.8413037;-5.094453976;-0.263022841;13.43320821;0.08749671;228.3950355;96.12151381;-0.344764619;13.57169489;0.091260009;230.6124631;135.4314918;-0.011312181;13.98715494;0.088437534;230.6124631;152.2757081;-0.017043227
"1005_Aesculus hippocastanum";"Aesculus hippocastanum";1005;28.79263691;-1407.79046;18.55376095;12.32126191;-129.5780432;23.33880901;11.93781608;-3.469150728;15.98322316;0.071198123;219.4541431;64.55564261;15.82339093;0.067638217;234.8159332;98.54495723;0.249560999;15.6635587;0.066214254;226.0377674;95.43476181;0.257203391;15.50372647;0.066926236;234.8159332;199.5575207;-4.84779118;-0.661606217;15.98322316;0.067638217;230.4268503;97.15766183;0.252406654;16.46271986;0.067638217;232.6213917;227.0031866;-0.039549563;16.46271986;0.067638217;226.0377674;201.5476539;-0.034050677
"1005_Betula pendula";"Betula pendula";1005;28.89547284;-1271.85829;15.17285039;12.00586267;-19.33164019;29.38932086;12.596712;-8.665412024;15.58458215;0.070124241;222.7781629;52.53169078;15.42873633;0.066618029;236.1448526;91.26181203;-0.015022607;15.8962738;0.065916787;238.3726343;91.84673545;-0.02256517;16.05211962;0.067319271;233.917071;180.0204881;-4.565855482;-0.228886632;15.11704469;0.067319271;231.6892894;89.89862426;0.001234285;15.11704469;0.065916787;231.6892894;181.1829482;-0.02711551;15.27289051;0.065916787;231.6892894;179.6413853;-0.027983302
"1007_Aesculus hippocastanum";"Aesculus hippocastanum";1007;25.57805045;-1079.678771;28.61109961;15.91406422;-1021.547245;26.7234811;15.69234669;-136.2397621;14.53685631;0.09508496;175.6869802;37.76573933;14.10075062;0.089379862;186.228199;69.1141999;-0.421506804;14.68222487;0.088429013;184.4713292;67.62767365;-0.419575223;14.972962;0.090330712;187.9850688;249.8293887;-8.709131151;-0.91118812;14.24611918;0.091281561;182.7144594;66.19551093;-0.419793947;14.24611918;0.090330712;182.7144594;180.6220541;-0.035003082;14.10075062;0.090330712;184.4713292;167.0208528;-0.031693843
"1007_Betula pendula";"Betula pendula";1007;29.12143325;-1403.257621;20.17860168;11.97834176;-74.9320314;29.42594756;12.27623937;-7.530690759;14.90043726;0.083661828;228.7497263;48.96971005;14.90043726;0.078642119;244.7622072;99.90295018;-0.167094716;14.60242851;0.079478737;240.1872126;98.91618206;-0.178833146;15.04944163;0.080315355;235.6122181;228.1497456;-6.810856665;-0.244594168;15.198446;0.079478737;244.7622072;99.94515905;-0.166611926;15.198446;0.078642119;235.6122181;173.3342756;-0.023040725;15.04944163;0.081151974;244.7622072;159.1368116;-0.018801056
"1007_Fagus sylvatica";"Fagus sylvatica";1007;29.71053354;-1433.149236;21.51485311;11.68185779;-42.18893809;28.97417331;12.64215785;-16.46439385;13.65848799;0.098173264;167.4355789;28.92414778;14.06824263;0.093264601;172.4586463;58.45555986;-0.015058712;13.52190311;0.095228067;174.1330021;59.87989351;-0.014379902;13.24873335;0.092282869;177.4817137;306.1478612;-12.82856847;-0.29981772;13.24873335;0.095228067;172.4586463;58.44772522;-0.015654946;14.06824263;0.091301136;177.4817137;211.4684328;-0.045364431;13.65848799;0.093264601;172.4586463;158.7592916;-0.031955587
"1007_Quercus robur";"Quercus robur";1007;29.46267811;-1656.106541;23.00946821;11.02732249;-49.54226802;28.32808238;11.74007888;-13.66727582;12.08631042;0.096697133;153.517271;18.17406556;11.72372111;0.093796219;164.26348;61.74435714;-0.467516087;11.84458421;0.089928333;164.26348;61.79234679;-0.464975585;12.32803663;0.093796219;161.1931346;233.2818013;-8.920759482;-0.483230616;11.72372111;0.091862276;164.26348;61.76806348;-0.466270388;12.20717353;0.089928333;164.26348;163.7151667;-0.03317335;12.32803663;0.089928333;164.26348;156.1875703;-0.032022743
"1008_Aesculus hippocastanum";"Aesculus hippocastanum";1008;28.71601112;-1158.083431;25.76564225;12.77042457;-129.1716999;22.7006233;13.36289011;-10.94185169;13.82275838;0.0508435;234.1648331;22.80829284;14.23744113;0.047284455;248.2147231;87.59810208;-0.257053257;14.23744113;0.047284455;245.8730748;86.99166359;-0.24935012;13.40807563;0.047284455;243.5314265;198.4565685;-6.028920823;0.023574633;13.40807563;0.049318195;243.5314265;86.73503861;-0.243190603;13.6845308;0.048301325;245.8730748;188.315518;-0.029445894;13.6845308;0.04779289;245.8730748;196.3398067;-0.033436447
"1008_Betula pendula";"Betula pendula";1008;25.29475966;-913.7016312;15.08900959;13.503431;-88.98329278;15.00612251;14.0558116;-9.154930783;13.59059287;0.089297155;134.9902797;11.01274321;13.86240473;0.083046354;140.3898909;22.22036077;-0.145783953;13.7264988;0.084832297;143.0896965;23.75936405;-0.147705185;13.45468694;0.083046354;139.0399881;80.93211764;-3.084724756;-0.069985379;13.59059287;0.084832297;140.3898909;22.1320663;-0.14631163;13.45468694;0.083046354;144.4395993;144.6728594;-0.034898425;13.18287508;0.08661824;139.0399881;108.3832694;-0.026613885
"1008_Fagus sylvatica";"Fagus sylvatica";1008;29.36733518;-1425.530358;20.20909579;12.6691094;-194.6144593;16.992737;13.10270357;-14.23464905;12.79962507;0.050528375;110.8413979;10.93170152;13.05561758;0.049012524;117.4918817;23.3123554;-0.163691192;13.05561758;0.047496673;116.3834678;23.01671492;-0.159477168;12.79962507;0.04850724;115.2750538;88.6722168;-2.956754034;-0.569268108;12.54363257;0.047496673;116.3834678;23.01671492;-0.159477168;12.67162882;0.049012524;116.3834678;112.2908699;-0.027464122;13.05561758;0.046991389;118.6002957;109.0437567;-0.027473357
"1008_Quercus robur";"Quercus robur";1008;16.89643566;-554.7550892;16.10974456;13.63596528;-261.7845378;15.19945314;15.59400319;-64.63790947;13.28005408;0.097406643;100.1265508;16.47829776;13.28005408;0.091562245;103.1303473;19.64189394;0.08903247;13.28005408;0.091562245;106.1341438;21.16156297;0.087687919;13.67845571;0.091562245;106.1341438;58.0380254;-1.84532085;-0.096927299;13.41285462;0.092536311;105.1328783;20.62342505;0.08805251;13.41285462;0.091562245;104.1316128;78.03635423;-0.018933405;13.28005408;0.094484444;107.1354093;92.09297367;-0.02440788
"1011_Aesculus hippocastanum";"Aesculus hippocastanum";1011;27.51882943;-1328.546386;15.52854476;13.25005406;-167.5713006;15.12287075;13.21899528;-12.98027987;13.20215082;0.099386492;125.5300062;19.08377428;13.20215082;0.092429438;130.5512064;29.71496867;0.012512376;13.46619383;0.092429438;131.8065065;30.52389477;0.011882455;13.59821534;0.094417168;133.0618065;158.9991809;-6.803954728;-0.095426224;13.20215082;0.092429438;129.2959064;28.91723871;0.01289549;13.20215082;0.096404897;129.2959064;142.3101734;-0.035445991;13.59821534;0.093423303;133.0618065;130.6798395;-0.032085084
"1011_Betula pendula";"Betula pendula";1011;29.53344819;-1300.620275;22.83482899;12.12720769;-30.77025844;28.17115157;12.15420485;-1.037776897;12.14332197;0.086154095;104.2060644;0.773942156;12.02188875;0.080984849;108.374307;12.69745196;0.051333679;12.02188875;0.082707931;108.374307;12.6174444;0.051290383;12.38618841;0.083569472;109.4163676;86.86866799;-3.455217616;-0.409299232;12.14332197;0.080984849;110.4584283;13.54433575;0.053754466;11.90045553;0.082707931;108.374307;82.61842653;-0.021202327;12.14332197;0.080123308;110.4584283;93.59776664;-0.025138411
"1011_Quercus robur";"Quercus robur";1011;29.68637908;-1860.78205;28.15090365;11.89887919;-487.967022;28.34448836;13.63407398;-134.9255387;11.81679577;0.098058438;144.6462387;22.73631983;11.81679577;0.091194348;151.8785506;59.60089076;0.482480644;11.69862781;0.093155516;148.9856258;57.20783992;0.474022561;11.69862781;0.094136101;154.7714754;248.4522154;-9.230806298;-0.980040788;11.93496372;0.095116685;153.325013;60.71200623;0.484887889;11.58045985;0.091194348;150.4320882;173.9974403;-0.040901728;12.05313168;0.095116685;154.7714754;173.2516014;-0.040924041
"1013_Aesculus hippocastanum";"Aesculus hippocastanum";1013;29.28800832;-1478.702857;21.78462261;11.51317602;-43.45771005;18.69824546;11.61337154;-1.028231715;11.69289988;0.032592036;167.4780239;5.791286103;12.04368688;0.030962434;177.5267053;64.27535096;-0.005040002;11.57597088;0.031614274;174.1771448;62.35669371;-0.00577054;11.34211288;0.031614274;179.2014855;211.0314335;-7.88212058;-0.183565882;11.45904188;0.030310593;174.1771448;62.19981784;-0.005278713;11.69289988;0.031288354;174.1771448;172.4444942;-0.033869583;11.92675788;0.030636513;174.1771448;158.2570608;-0.030365706
"1013_Betula pendula";"Betula pendula";1013;28.57712324;-1401.292797;18.14284872;11.60190088;-38.34344934;19.01394503;11.63604525;-1.155961079;14.6346553;0.095287403;202.1054675;46.67189022;14.92734841;0.091475907;214.2317956;93.04478608;0.194949343;15.07369496;0.090523033;212.2107409;91.86235253;0.19515456;14.6346553;0.088617285;212.2107409;209.5551006;-6.064879863;-0.319312255;14.19561564;0.091475907;216.2528502;94.11705899;0.195495309;15.07369496;0.089570159;212.2107409;188.9092959;-0.030245742;14.48830875;0.089570159;214.2317956;163.9488222;-0.022760077
"1013_Fagus sylvatica";"Fagus sylvatica";1013;29.53488497;-1647.436947;28.66731428;12.0258477;-370.957881;23.6860226;11.9007041;-13.0134229;12.2259444;0.03718662;206.9429444;18.78761502;12.34820385;0.035327289;217.2900916;94.01448509;-0.054091863;12.59272273;0.036071022;215.2206621;93.34774741;-0.053287145;12.2259444;0.034955423;213.1512327;150.0337009;-2.875689537;-0.293990352;12.59272273;0.034955423;217.2900916;93.87056;-0.054923613;12.47046329;0.034955423;219.359521;186.9700973;-0.029610203;12.47046329;0.036071022;215.2206621;176.7571713;-0.027715871
"1013_Quercus robur";"Quercus robur";1013;29.61903501;-1750.441956;24.5941608;12.02589446;-339.3518974;17.47759219;13.88783756;-57.94891869;12.15310504;0.094103411;112.0015433;17.87906739;12.03157399;0.089398241;115.3615896;31.08641086;0.117237576;12.03157399;0.089398241;116.481605;31.75838455;0.110664334;12.03157399;0.089398241;117.6016205;91.61578085;-2.791282172;-0.585503252;12.39616714;0.088457207;115.3615896;31.11255565;0.116541131;12.27463609;0.088457207;119.8416513;128.3399544;-0.031827028;12.15310504;0.091280309;119.8416513;182.4907788;-0.051540034
"1016_Aesculus hippocastanum";"Aesculus hippocastanum";1016;29.60729131;-1417.993211;28.3634763;12.74768488;-344.6003578;28.80851181;14.31923693;-85.68011458;14.45400601;0.067820565;246.8411888;42.98067566;14.30946595;0.063751331;261.6516602;102.0056753;-0.152964597;14.45400601;0.065107742;264.120072;102.39934;-0.147213973;14.59854607;0.063751331;264.120072;152.0892255;-2.551061158;-0.151945348;14.74308613;0.065785948;261.6516602;102.1276402;-0.152526683;14.59854607;0.065107742;259.1832483;202.4142166;-0.030118001;14.02038583;0.065107742;264.120072;209.5768867;-0.032988547
"1016_Betula pendula";"Betula pendula";1016;29.9765078;-1528.620272;27.05851149;11.33136554;-38.87459657;27.11859004;11.50744495;-1.460717986;14.21451839;0.062720171;228.1665847;41.91419378;14.07237321;0.058956961;235.0115822;99.03177734;-5.16e-05;13.93022802;0.059584162;237.2932481;99.81433387;-0.003408427;14.21451839;0.060838566;237.2932481;168.5816634;-3.084099807;-0.590101814;14.07237321;0.058956961;241.8565798;101.010124;-0.009791164;14.35666357;0.060838566;235.0115822;211.8206491;-0.034290254;14.64095394;0.058329759;244.1382456;211.0750966;-0.034351617
"1016_Fagus sylvatica";"Fagus sylvatica";1016;29.31231147;-1673.808899;19.48679398;13.19294557;-357.0805868;16.40889522;14.23120197;-54.90626922;13.25697627;0.035818966;137.4608931;27.89323383;13.38954604;0.033311638;144.3339378;51.62782972;0.039635359;13.38954604;0.034744397;147.0831556;53.21013241;0.043526379;13.65468556;0.034028018;145.7085467;144.0782695;-4.54327235;-0.458182161;12.99183675;0.034744397;145.7085467;52.32076627;0.042740936;12.99183675;0.034744397;141.5847199;123.270448;-0.023698651;13.65468556;0.034028018;142.9593288;117.2263305;-0.022065939
"1016_Quercus robur";"Quercus robur";1016;29.87307586;-1602.951983;29.55561332;11.11775201;-24.61235931;29.17294617;12.55331664;-33.06318125;11.45965963;0.051428251;166.2446517;6.65540847;11.45965963;0.048342556;177.8817773;68.25693007;0.041728473;11.23046643;0.049371121;174.5568843;65.89728979;0.042737587;11.23046643;0.048856838;177.8817773;259.1440795;-9.603083541;-0.615751012;11.34506303;0.049371121;171.2319913;63.45713812;0.044915418;11.11586984;0.047828273;174.5568843;184.3683662;-0.0383745;11.80344942;0.049371121;171.2319913;159.8124046;-0.032145405
"1017_Aesculus hippocastanum";"Aesculus hippocastanum";1017;29.82191871;-1266.975293;22.99356144;11.91652072;-16.70836342;26.57217173;12.01100003;-0.288129113;13.1830858;0.089452874;193.5074954;18.87622032;12.78759322;0.08498023;201.2477952;74.83821375;0.1044088;12.78759322;0.084085701;205.1179451;77.35787191;0.101025236;13.1830858;0.085874759;201.2477952;285.1152591;-10.47569437;-0.732601141;12.78759322;0.084085701;201.2477952;74.78840655;0.104169648;13.31491665;0.08498023;203.1828701;270.0972574;-0.057647004;13.44674751;0.085874759;199.3127202;269.1028914;-0.059205947
"1017_Betula pendula";"Betula pendula";1017;29.87082017;-1112.368559;16.45714933;12.75057055;-19.84362681;27.1080644;14.98749231;-52.0684189;12.65568395;0.091759058;146.1323775;1.434668192;12.78224079;0.086253515;154.9003202;27.43302696;0.795255698;12.78224079;0.088088696;156.3616439;28.43345541;0.813539689;12.90879762;0.088088696;150.5163488;141.7757618;-5.730113043;-0.436907784;12.78224079;0.087171105;156.3616439;28.47070649;0.812904799;12.40257027;0.085335924;153.4389964;134.6809568;-0.031174153;13.03535446;0.089006286;156.3616439;139.2791352;-0.03252206
"1018_Aesculus hippocastanum";"Aesculus hippocastanum";1018;25.27495261;-1150.327821;20.69431952;13.44761708;-318.2769718;17.2300012;15.10089841;-55.84870082;13.62434462;0.079532108;154.9434393;30.42310378;13.21561428;0.076350824;165.78948;56.46639103;-0.173194484;13.21561428;0.075555503;165.78948;56.47652817;-0.173115844;13.35185773;0.076350824;162.6906113;188.105368;-6.419175629;-0.733116596;13.76058807;0.077146145;164.2400456;55.15975775;-0.178490528;13.21561428;0.076350824;159.5917425;152.5740866;-0.032218911;13.89683152;0.076350824;162.6906113;148.0761146;-0.030908478
"1018_Betula pendula";"Betula pendula";1018;29.87550371;-1448.546103;27.09202939;11.7344356;-50.19040897;20.53677689;12.60345329;-9.118298553;11.85166935;0.068495733;139.9739551;3.988569474;12.08870274;0.063701032;149.7721319;41.1024379;0.367457068;11.73315266;0.063701032;146.9726528;39.11964603;0.355572396;11.97018605;0.065070946;148.3723924;267.4531332;-10.75979406;-1.208868568;11.61463597;0.063701032;148.3723924;40.10522395;0.361656702;12.20721943;0.065070946;145.5729133;191.2206131;-0.047832924;12.08870274;0.065755904;148.3723924;213.7042854;-0.055550418
"1018_Fagus sylvatica";"Fagus sylvatica";1018;26.76905079;-1436.656847;15.05705821;12.4689408;-166.4924945;15.29692248;13.1295594;-26.58184913;11.93526599;0.040692577;103.3112134;10.91248591;12.17397131;0.0394718;106.4105498;27.86117313;0.003511445;12.29332397;0.0394718;110.5429983;29.97140289;-0.003122526;12.05461865;0.038251022;110.5429983;159.381963;-6.30626906;-0.699891002;11.81591334;0.0394718;106.4105498;27.86117313;0.003511445;12.05461865;0.0394718;109.5098862;124.8042581;-0.031571203;11.93526599;0.038251022;107.4436619;131.1034188;-0.034747013
"1018_Quercus robur";"Quercus robur";1018;29.94758071;-1753.245886;16.96323511;11.27412922;-89.85399053;25.71163303;12.03617268;-23.43309254;11.19627341;0.044807678;119.0409656;7.366014783;11.53216161;0.041671141;127.3738332;39.8855107;0.200884878;11.08431067;0.042567294;126.1834236;38.9994266;0.200634002;10.97234794;0.042567294;123.8026043;193.4289755;-8.008122703;-0.378795905;10.97234794;0.043015371;124.9930139;38.19589679;0.20022295;11.42019888;0.042567294;123.8026043;161.0500079;-0.043445924;11.30823614;0.042567294;122.6121946;150.2794469;-0.040329216
"1021_Aesculus hippocastanum";"Aesculus hippocastanum";1021;29.90501801;-1575.606584;18.33559121;11.39598382;-65.01509921;22.32150502;11.50514666;-3.381570557;11.2840554;0.036153586;100.6720935;2.50373991;11.50973651;0.033622835;103.6922563;23.05308615;0.05014276;11.2840554;0.034345906;105.7056981;23.65231462;0.052294564;11.62257706;0.034345906;106.7124191;118.6600669;-4.945796555;-0.291776672;11.39689596;0.033622835;107.71914;24.75131645;0.054458418;10.94553374;0.034707442;104.6989772;125.6181928;-0.030374605;11.05837429;0.035068978;106.7124191;129.2912639;-0.031796927
"1021_Betula pendula";"Betula pendula";1021;29.93050389;-1312.525193;26.37280412;11.937314;-21.1125705;29.48811279;12.01522816;-0.638826371;12.77033511;0.084807347;205.9887075;13.11952202;12.64263176;0.080566979;216.2881428;80.39561904;0.190684491;12.38722506;0.080566979;212.1683687;78.09933435;0.192544361;13.02574181;0.079718906;214.2282558;319.6074686;-12.62487572;-0.474859313;12.77033511;0.082263126;216.2881428;80.49214945;0.190686754;12.38722506;0.081415053;220.407917;347.5779168;-0.076714765;12.77033511;0.081415053;216.2881428;344.3535963;-0.077796156
"1021_Fagus sylvatica";"Fagus sylvatica";1021;29.99028049;-1740.530874;25.13792798;11.10341401;-177.7165493;28.46927673;12.78370573;-69.43221045;12.81333804;0.07688586;182.5803152;33.90778989;12.81333804;0.074579284;188.0577247;78.0188694;-0.214202701;13.0696048;0.073041567;188.0577247;77.97381436;-0.21317012;12.4289379;0.07150385;191.709331;299.0274533;-11.24285874;-0.653566205;12.94147142;0.073810426;189.8835278;79.38660013;-0.215895655;13.0696048;0.072272709;189.8835278;224.4691113;-0.045326533;12.4289379;0.073810426;191.709331;222.095672;-0.044941928
"1021_Larix decidua";"Larix decidua";1021;29.82405676;-1846.130365;25.54748595;11.49951168;-385.2236759;21.34642404;13.11394158;-80.73502791;11.29570146;0.058272372;120.2594559;16.31248165;10.95683042;0.055358753;127.4750232;38.54653335;-0.027157222;11.29570146;0.055941477;128.6776178;39.1715458;-0.028983188;11.06978743;0.056524201;128.6776178;142.7402474;-4.943220032;-0.652552954;11.52161549;0.054193306;123.8672395;36.67038716;-0.021734611;11.40865848;0.054776029;127.4750232;104.1203303;-0.019704148;11.06978743;0.054193306;125.0698341;104.8810314;-0.021911927
"1021_Quercus robur";"Quercus robur";1021;29.9855021;-1961.77724;29.83442605;11.31767107;-435.1250849;26.56319623;11.64117963;-41.8320666;11.36965571;0.03895987;197.0321127;21.73597563;11.48335226;0.036622278;208.8540394;97.58685834;-0.293381613;11.48335226;0.036622278;202.943076;94.29483638;-0.2934653;11.71074538;0.037011876;208.8540394;289.0815243;-10.12985499;-0.487596228;11.36965571;0.037401475;202.943076;94.48962236;-0.293862811;11.48335226;0.036622278;202.943076;229.0205454;-0.044941275;11.59704882;0.037401475;206.8837183;226.5150128;-0.044108083
"1026_Aesculus hippocastanum";"Aesculus hippocastanum";1026;26.80761696;-974.1948807;16.2747917;14.82264642;-172.3727521;15.96182123;15.82803335;-28.65439976;14.72724219;0.089018475;148.1620348;17.56992409;15.02178704;0.082787182;157.0517569;33.81324158;0.321278431;14.87451461;0.082787182;155.5701366;32.64884091;0.315584587;15.02178704;0.082787182;152.6068959;179.0578408;-7.2835652;-0.861590353;14.72724219;0.084567551;158.5333773;34.92978703;0.327478951;15.16905946;0.085457736;158.5333773;171.8952253;-0.039638276;14.28542493;0.086347921;158.5333773;191.1047219;-0.04603542
"1027_Aesculus hippocastanum";"Aesculus hippocastanum";1027;29.92304908;-1063.472526;17.2456601;12.6805366;-5.177079102;15.8963781;12.71836218;-0.040563596;13.28903791;0.091485073;196.755518;9.477531319;13.02325715;0.088740521;206.5932939;66.66911549;0.017283985;13.15614753;0.085081118;208.5608491;67.72716997;0.022816776;12.89036677;0.086910819;206.5932939;243.435853;-8.370373751;-0.77441359;12.89036677;0.088740521;208.5608491;67.91334093;0.021591758;13.55481867;0.088740521;202.6581836;265.2217724;-0.058134881;12.89036677;0.085995968;204.6257388;224.1616782;-0.047297982
"1028_Aesculus hippocastanum";"Aesculus hippocastanum";1028;27.99492674;-1327.215622;15.47672485;13.0288164;-130.2295064;16.39011265;14.44379103;-32.33327399;12.98062421;0.097782996;126.2674094;15.37637056;13.24023669;0.091916016;130.0554317;27.7805585;0.107589728;13.11043045;0.094849506;132.5807799;29.35328174;0.117854789;12.85081797;0.092893846;135.106128;97.14138011;-3.224462064;-0.368839876;13.11043045;0.094849506;135.106128;31.08152213;0.128177971;13.11043045;0.091916016;135.106128;86.62393781;-0.016888383;12.98062421;0.094849506;132.5807799;105.9390404;-0.024148485
"103_Aesculus hippocastanum";"Aesculus hippocastanum";103;29.90415391;-1513.649108;24.55067031;11.41897863;-69.21816471;20.91298738;12.73725112;-18.70192744;12.32805536;0.087094019;132.1062603;14.20038969;12.45133591;0.080997438;137.3905107;30.67465429;-0.058988142;12.2047748;0.082739318;138.7115733;31.37230483;-0.061221241;12.57461646;0.080997438;138.7115733;118.264981;-4.933287706;0.202916109;12.2047748;0.084481199;138.7115733;31.32596717;-0.060670554;11.9582137;0.081868378;140.0326359;117.5071788;-0.027098122;12.69789702;0.082739318;141.3536985;107.4835047;-0.024634122
"103_Betula pendula";"Betula pendula";103;29.81385119;-1569.867304;25.07990647;13.9271237;-599.4172607;27.42625283;15.60111496;-185.1055329;13.34788773;0.09210019;153.9602438;30.88465136;13.61484549;0.08749518;161.658256;48.15653009;0.103826414;13.61484549;0.086574178;160.1186536;47.15047964;0.102291081;13.74832436;0.088416182;163.1978585;159.8350118;-5.934144107;-0.053733649;13.21440885;0.08749518;163.1978585;49.19301019;0.105508951;13.61484549;0.08749518;163.1978585;138.5640498;-0.02825025;13.08092998;0.085653177;161.658256;130.8473707;-0.027157642
"103_Fagus sylvatica";"Fagus sylvatica";103;22.17978897;-993.0837419;16.84910233;14.2221167;-324.5236403;15.19117137;15.63370325;-72.14330299;14.36318998;0.076573107;138.692605;34.78790735;14.21955808;0.07121299;144.2403092;42.03594087;-0.317066929;14.79408567;0.073510183;148.4010874;44.48250888;-0.3227895;14.65045377;0.074275914;147.0141613;105.9529918;-3.183829597;-0.178562338;14.79408567;0.072744452;142.8533832;41.15957996;-0.314960193;14.65045377;0.074275914;148.4010874;104.4383954;-0.019574196;13.93229428;0.074275914;142.8533832;85.64324;-0.015098685
"103_Larix decidua";"Larix decidua";103;29.60518725;-2000.951774;24.6189119;13.1423772;-739.531492;16.66953625;14.00175326;-99.48172335;13.34868637;0.041974166;127.5037004;38.99620118;13.21519951;0.040295199;135.1539224;50.93667773;0.108331031;13.6156601;0.040714941;135.1539224;50.8967382;0.10906196;13.34868637;0.039455716;136.4289594;114.7148291;-3.66757961;0.162907003;13.6156601;0.040714941;133.8788854;50.21850951;0.108499992;13.08171264;0.039875457;131.3288114;98.46541489;-0.015716773;13.21519951;0.040714941;133.8788854;68.97319374;-0.007124615
"103_Quercus robur";"Quercus robur";103;18.37441835;-712.2861036;17.41942646;15.78271621;-448.916579;15.26806376;15.96184969;-100.5902274;15.16232926;0.09339381;116.4594912;30.58131376;15.01070597;0.086856243;121.1178708;34.46105281;-0.215742215;15.61719914;0.087790181;119.9532759;33.86308202;-0.217094236;15.31395256;0.089658057;122.2824657;66.46429052;-1.745970603;0.125394405;14.70745939;0.088724119;123.4470606;35.61543842;-0.21282091;15.16232926;0.088724119;122.2824657;88.27483112;-0.018023112;15.16232926;0.086856243;124.6116555;113.4535718;-0.027268285
"1032_Aesculus hippocastanum";"Aesculus hippocastanum";1032;29.82792272;-1475.059539;27.3281586;12.76398127;-347.0808432;28.9749554;14.0834854;-73.95847227;13.14131424;0.076817092;150.52581;22.8203822;12.87848796;0.074512579;159.5573586;51.45358571;0.021193991;13.40414053;0.073744408;159.5573586;51.47752063;0.021411771;13.40414053;0.072208066;158.0521005;265.3730978;-11.22694633;-0.948353986;13.0099011;0.074512579;159.5573586;51.45358571;0.021193991;13.40414053;0.073744408;159.5573586;258.189566;-0.058426117;13.27272739;0.071439895;155.0415843;256.8370246;-0.060180882
"1032_Betula pendula";"Betula pendula";1032;27.79303521;-1192.795261;16.2717407;12.70367589;-83.46111801;25.84112456;14.76382243;-68.33492918;13.48070246;0.099417402;129.4604278;15.14059249;13.88512353;0.092458184;134.6388449;27.03364607;0.125802622;13.88512353;0.094446532;135.9334491;27.74633015;0.129887707;13.34589543;0.093452358;134.6388449;174.5272129;-7.833095121;-0.518099739;13.75031651;0.095440706;135.9334491;27.7138326;0.130402559;13.21108841;0.09643488;137.2280534;184.1785334;-0.043016729;13.75031651;0.092458184;137.2280534;196.1775848;-0.047249741
"1032_Fagus sylvatica";"Fagus sylvatica";1032;29.07697408;-1507.547948;26.74724444;13.49632361;-572.9100476;18.74534414;14.31568117;-57.98758173;13.12446782;0.09713703;142.7920289;26.23766289;12.73073378;0.091308809;148.50371;46.63570774;-0.191557131;12.86197846;0.092280179;149.9316303;47.69306493;-0.192091782;12.73073378;0.09422292;148.50371;267.4756064;-11.19682741;-1.316416214;13.51820185;0.091308809;147.0757897;45.56650154;-0.191133421;12.73073378;0.090337438;148.50371;227.8176707;-0.053086519;12.86197846;0.09422292;147.0757897;240.2083774;-0.058289959
"1032_Quercus robur";"Quercus robur";1032;28.48324426;-1718.929502;16.18432344;11.17015534;-116.7582221;18.96344788;12.16969189;-27.31977005;13.43375047;0.099341908;139.5946951;38.49477828;13.03073796;0.094374812;147.9703768;55.4766939;0.093093822;13.16507546;0.092387974;147.9703768;55.52473993;0.092555936;13.56808798;0.094374812;145.1784829;247.3487287;-10.44799938;-0.732055124;13.16507546;0.096361651;145.1784829;53.31353103;0.087653949;13.43375047;0.096361651;143.782536;194.3247093;-0.044079578;13.16507546;0.094374812;145.1784829;207.2185802;-0.048786282
"1038_Aesculus hippocastanum";"Aesculus hippocastanum";1038;29.19670223;-1230.344915;28.33765538;12.21014589;-21.79847732;25.49260727;12.36587308;-0.93321908;14.526329;0.075230895;173.4400783;31.23359434;14.09053913;0.072973968;178.6432807;58.81802264;-0.533768394;14.23580242;0.072221659;180.3776815;60.25374705;-0.541391132;14.09053913;0.070717041;185.5808838;195.574524;-6.575839092;-0.686635236;14.23580242;0.072221659;178.6432807;58.79771701;-0.53334359;14.67159229;0.070717041;180.3776815;212.469959;-0.043464031;14.23580242;0.072221659;180.3776815;189.0186141;-0.037401121
"1041_Aesculus hippocastanum";"Aesculus hippocastanum";1041;29.99331491;-1430.682825;28.46638487;11.59151741;-19.51202498;29.57516085;11.76124652;-1.310898199;12.98607743;0.055596539;249.5741905;20.9904068;13.24579897;0.052816712;257.0614162;98.0295865;0.229686974;13.24579897;0.053372678;257.0614162;98.09497518;0.229596444;12.85621665;0.053372678;264.5486419;205.4584543;-5.942400704;0.211461519;12.72635588;0.051704781;259.5571581;98.40607379;0.225461696;13.1159382;0.052816712;259.5571581;237.7021282;-0.041362826;12.98607743;0.052260747;264.5486419;221.1985644;-0.03748864
"1041_Betula pendula";"Betula pendula";1041;29.90758554;-1394.90822;28.11111243;11.73264201;-55.34047028;23.18015209;11.77450498;-0.947821187;13.06643229;0.097740705;201.1763857;21.16915228;12.67443932;0.094808484;211.235205;81.12918378;-0.180047478;13.06643229;0.091876263;209.2234411;79.80687661;-0.181032598;13.19709661;0.090898856;211.235205;306.7686141;-11.33533237;-0.736082089;13.19709661;0.091876263;213.2469689;82.19316617;-0.18476885;13.06643229;0.094808484;213.2469689;293.8944331;-0.062499177;13.32776093;0.09285367;213.2469689;260.5884699;-0.0546429
"1041_Fagus sylvatica";"Fagus sylvatica";1041;29.98803493;-1579.578147;29.13477997;11.06023028;-67.49039281;23.66461374;11.32191482;-2.601387446;11.08736134;0.083493713;125.4582256;1.961908049;11.41998218;0.07848409;132.9857191;32.28923503;0.211510859;10.86561411;0.079319027;131.7311369;31.49517711;0.209345883;11.19823495;0.079319027;132.9857191;175.3458617;-7.375963449;-0.250719556;11.08736134;0.077649153;130.4765546;30.80795501;0.206286576;10.97648772;0.079319027;130.4765546;160.8241256;-0.040096415;11.08736134;0.07848409;134.2403014;178.7351776;-0.046381285
"1042_Aesculus hippocastanum";"Aesculus hippocastanum";1042;27.72835657;-1244.026208;27.55657828;15.83400599;-899.7520058;18.67854011;15.96769474;-76.18615904;15.91393655;0.031699553;197.7419034;46.57847412;15.91393655;0.02979758;207.6289986;67.80014908;0.126443845;15.43651846;0.02979758;203.6741605;65.68130029;0.121171344;16.39135465;0.02979758;205.6515795;107.799176;-1.613109011;-0.50421945;16.23221529;0.030114575;205.6515795;66.80078996;0.123813034;15.75479719;0.030114575;207.6289986;85.12764004;-0.004895285;15.91393655;0.030114575;203.6741605;85.32023009;-0.005657292
"1042_Betula pendula";"Betula pendula";1042;29.59568285;-1304.008908;24.60572017;14.03986545;-450.2041346;22.76883899;15.00419131;-73.61886267;14.10097893;0.079887961;203.8993393;34.54115726;13.67794957;0.077491322;212.0553129;69.95830749;0.035464345;13.67794957;0.074295803;212.0553129;69.85694925;0.03461652;14.38299851;0.075094683;212.0553129;306.5546848;-11.96053065;-0.77101554;13.67794957;0.074295803;218.1722931;73.94155872;0.030018529;13.81895936;0.075893563;212.0553129;209.2089674;-0.038047966;13.95996915;0.075893563;216.1332997;258.0241889;-0.051511719
"1042_Fagus sylvatica";"Fagus sylvatica";1042;29.91772967;-1504.595635;27.09033888;11.29654981;-126.7028055;28.0842547;15.55102361;-192.927421;14.39619168;0.023120465;238.3548239;45.07125972;14.82807744;0.021502032;250.2725651;87.63959516;0.213010247;14.10826785;0.021964442;245.5054686;86.19446131;0.219220005;14.39619168;0.021733237;247.8890169;210.3468521;-6.569904043;-0.118230802;13.96430593;0.021733237;245.5054686;86.03765626;0.217890603;13.96430593;0.021964442;252.6561133;203.796775;-0.0328656;13.96430593;0.022195646;250.2725651;218.7744586;-0.03802955
"1042_Quercus robur";"Quercus robur";1042;29.76942854;-1660.24437;29.27729548;15.32184798;-1079.188072;26.40526438;15.840559;-223.6804624;15.83937437;0.024944037;232.9787297;65.86952489;15.68098063;0.024195716;244.6276662;93.96176298;-0.064796092;15.36419314;0.023447395;244.6276662;93.49293431;-0.065587939;15.83937437;0.023696835;239.9680916;199.3558681;-5.188022197;-0.684353511;16.15616186;0.023946275;239.9680916;91.95005604;-0.06242278;15.36419314;0.023946275;239.9680916;185.186641;-0.027761493;15.68098063;0.024195716;246.9574535;200.131815;-0.032048409
"1042_Sorbus aucuparia";"Sorbus aucuparia";1042;29.96887569;-1222.509664;27.95326937;11.62575048;-13.24434142;29.91800919;11.8629853;-0.616138032;11.97398933;0.033061551;213.0903085;4.92741407;11.97398933;0.031739089;223.7448239;68.23761695;0.004410373;12.09372922;0.031739089;228.0066301;70.31402939;-0.00244561;11.73450954;0.031408474;219.4830177;292.6432791;-11.69943154;-0.567647035;12.33320901;0.031077858;225.875727;69.12013625;0.002122061;12.21346911;0.031408474;228.0066301;295.1768896;-0.06033153;11.61476965;0.030747243;228.0066301;314.2081333;-0.066604957
"1043_Aesculus hippocastanum";"Aesculus hippocastanum";1043;29.98097836;-1166.514241;15.18832864;12.16581222;-4.915366075;16.63856969;12.54498405;-0.901823742;12.4994;0.066067127;174.1383741;3.793646961;12.749388;0.062103099;181.103909;44.18104669;-0.478863396;12.749388;0.062103099;184.5866765;46.65571421;-0.476925432;12.4994;0.061442428;186.3280603;284.6191134;-11.80534876;-0.62727234;12.624394;0.061442428;182.8452928;45.42555703;-0.477679232;12.124418;0.061442428;184.5866765;260.292066;-0.05771636;12.624394;0.062103099;181.103909;264.49257;-0.059713477
"1043_Betula pendula";"Betula pendula";1043;29.99765838;-1164.102724;27.34438578;13.79036752;-384.152739;24.16075543;15.29774907;-67.05095534;12.25635271;0.097691687;127.3799419;0.908571075;12.62404329;0.091830186;135.0227385;12.79235686;0.472573605;12.62404329;0.094760937;131.2013402;11.36340927;0.454541464;12.25635271;0.094760937;135.0227385;108.4131617;-5.505434141;0.56323391;12.13378919;0.094760937;133.748939;12.23724504;0.466531767;12.62404329;0.09378402;131.2013402;111.8136201;-0.027753957;12.01122566;0.094760937;135.0227385;116.1417429;-0.02864845
"1043_Fagus sylvatica";"Fagus sylvatica";1043;29.98964861;-1227.027737;27.69719409;14.12333769;-468.0961133;29.29149478;15.94478539;-134.2498522;14.99290926;0.031096538;241.5412007;39.21763777;14.54312199;0.029230746;253.6182608;80.31578887;0.244495171;14.84298017;0.029852676;251.2028488;79.78213717;0.245469692;15.29276745;0.029852676;256.0336728;167.6698312;-4.050633245;-0.444241486;14.84298017;0.029541711;253.6182608;80.45635844;0.244604565;14.69305108;0.030163642;258.4490848;203.0917714;-0.033347338;14.54312199;0.02891978;256.0336728;206.9110959;-0.034891841
"1043_Larix decidua";"Larix decidua";1043;29.82507645;-1170.984494;27.52000602;11.75555444;-19.91464995;25.21181013;11.94654124;-0.879252812;11.74179797;0.027991487;147.9609527;0.839101062;11.50696201;0.026871827;156.8386099;29.30806235;-0.379367001;11.38954403;0.026591912;156.8386099;29.42736913;-0.378001787;11.62437999;0.026032082;155.3590004;164.9418505;-6.56431759;-0.427565418;12.0940519;0.026311997;152.3997813;27.7281731;-0.359812328;11.62437999;0.026311997;156.8386099;155.7042028;-0.033677462;11.50696201;0.026311997;158.3182194;177.7145216;-0.040793158
"1043_Sorbus aucuparia";"Sorbus aucuparia";1043;25.91431366;-1066.647828;17.57761595;14.1467035;-217.6767281;15.22996669;14.90960317;-27.51189931;14.3223074;0.052125192;114.946416;10.66994653;14.17908432;0.048476429;120.6937368;14.94792358;-0.091460615;13.89263817;0.049518933;120.6937368;14.79146931;-0.089913246;14.46553047;0.049518933;120.6937368;43.18321741;-2.108436078;0.445098964;14.17908432;0.049518933;119.5442727;14.37547942;-0.08471715;14.60875354;0.049518933;120.6937368;82.53615003;-0.018632219;14.60875354;0.048476429;121.843201;83.84142766;-0.018854753
"1046_Aesculus hippocastanum";"Aesculus hippocastanum";1046;29.98075243;-1206.803227;27.93372571;12.13986727;-41.56325781;29.38215157;12.35790779;-3.036612858;13.07281316;0.097286594;215.4089548;14.99681465;13.46499755;0.090476533;221.8712235;72.72504427;-0.117737264;13.46499755;0.093395131;224.025313;74.10682919;-0.10920965;12.94208503;0.090476533;224.025313;367.9497806;-16.16349151;0.097182097;13.46499755;0.094367997;228.3334921;76.61329131;-0.087703051;13.33426942;0.094367997;228.3334921;288.7819775;-0.057518516;13.46499755;0.090476533;228.3334921;331.2342695;-0.070127714
"1046_Betula pendula";"Betula pendula";1046;29.97629561;-1110.120686;16.27839188;12.3385903;-6.57406224;22.24475719;12.49071087;-0.612917955;12.30623933;0.093235944;158.9686754;0.978961844;12.06011454;0.088574147;163.7377356;27.84460116;0.491211833;12.06011454;0.088574147;165.3274224;28.84718167;0.495600424;12.67542651;0.090438865;163.7377356;249.9606447;-11.1228637;-0.805873087;12.30623933;0.090438865;168.5067959;30.85629438;0.504561971;11.93705215;0.086709428;163.7377356;165.7548743;-0.037140153;12.18317694;0.089506506;170.0964827;243.1865494;-0.057733624
"1046_Fagus sylvatica";"Fagus sylvatica";1046;29.94350604;-1394.322584;21.27637139;12.35669803;-167.0589663;22.89739597;13.54307043;-36.57380621;12.58220704;0.08342824;169.2020194;16.82235838;12.45638497;0.077588263;174.27808;47.83908308;-0.413767923;12.70802911;0.079256828;174.27808;47.80434126;-0.415046103;12.20474083;0.08009111;175.9701002;267.0355016;-11.56266354;-0.222045214;12.70802911;0.08009111;181.0461608;52.89399588;-0.452446739;12.45638497;0.08009111;181.0461608;205.5761686;-0.043043965;12.20474083;0.077588263;177.6621204;237.8200722;-0.053716356
"1046_Larix decidua";"Larix decidua";1046;29.99460199;-1571.812136;26.7456962;11.04846772;-131.2439727;28.7818814;11.87053003;-23.70434142;12.35063204;0.061897365;198.687817;24.88846171;12.35063204;0.057564549;206.6353296;75.11146678;-0.209848408;12.47413836;0.060040444;204.6484515;73.83438926;-0.214222444;12.47413836;0.057564549;204.6484515;264.8840831;-10.14237118;-0.392680835;12.47413836;0.05942147;210.609086;77.88246985;-0.209448703;12.59764468;0.05942147;210.609086;228.773171;-0.042368426;12.35063204;0.05942147;208.6222078;208.4344128;-0.04094582
"1046_Quercus robur";"Quercus robur";1046;29.98875687;-1665.450958;28.3704393;11.71428897;-354.0375131;27.02398252;12.71026754;-58.01760869;14.58909601;0.095045513;249.5724314;59.98288147;14.58909601;0.088392327;267.0425016;112.959994;-0.519718507;14.15142313;0.092194148;262.0510529;111.6191923;-0.54579371;14.58909601;0.090293238;267.0425016;248.7292132;-7.497786218;0.389526677;14.88087793;0.091243693;267.0425016;113.04665;-0.520676376;15.02676889;0.089342782;257.0596043;219.1131618;-0.033262861;14.15142313;0.089342782;267.0425016;229.1376633;-0.036025584
"1046_Sorbus aucuparia";"Sorbus aucuparia";1046;26.08243601;-964.6208579;26.88249833;15.88779764;-767.3346248;19.20786639;15.94714437;-60.90535685;15.26916706;0.021913224;179.5316111;30.45410513;14.96378372;0.020598431;188.5081917;50.83321481;-0.176365136;15.72724208;0.020598431;184.9175595;49.31625611;-0.172448405;15.42185874;0.020598431;186.7128756;188.3169442;-7.560614296;0.070947948;15.11647539;0.021255828;192.0988239;52.3577675;-0.182833931;14.81109205;0.021036695;186.7128756;186.8247984;-0.037251307;14.96378372;0.020598431;188.5081917;200.7657303;-0.041546079
"1048_Aesculus hippocastanum";"Aesculus hippocastanum";1048;29.94913893;-1335.495142;29.61298805;12.61245033;-266.8293556;23.84136786;12.67361166;-10.83976176;11.68003463;0.075841715;123.3162104;0.822695593;11.91363533;0.072049629;131.9483452;21.84225511;0.026101473;11.44643394;0.071291212;128.2488589;20.07148158;0.024498554;12.03043567;0.071291212;130.7151831;151.3862978;-6.308596957;-0.470573346;11.91363533;0.071291212;128.2488589;20.07148158;0.024498554;11.91363533;0.071291212;129.482021;102.0706791;-0.02344208;11.79683498;0.072808047;127.0156968;100.454955;-0.02407696
"1048_Betula pendula";"Betula pendula";1048;29.86620376;-1216.122053;28.16792935;14.63584268;-568.4222264;21.28581346;14.88663798;-41.47071596;13.49841939;0.023339133;180.1672083;15.17181288;13.228451;0.021938785;185.5722245;49.62113607;0.111938967;13.228451;0.022638959;185.5722245;49.64991003;0.111370492;13.09346681;0.021705394;187.3738966;155.2879901;-4.877781714;-0.48453393;13.90337197;0.022172177;185.5722245;49.63082796;0.111751991;13.90337197;0.022405568;192.7789128;170.9084117;-0.032999409;13.09346681;0.022638959;185.5722245;141.6086801;-0.026561405
"1048_Fagus sylvatica";"Fagus sylvatica";1048;27.90994416;-1356.240457;27.83816461;14.62712435;-780.9493291;24.29371534;15.78460152;-152.8496853;14.45679969;0.05900419;201.4366013;45.4521444;14.89050368;0.056644023;207.4796993;79.46665081;0.373562302;14.60136769;0.054873897;215.5371634;84.26568995;0.347654347;14.31223169;0.056053981;211.5084314;225.1890747;-6.092581331;-1.352295034;14.1676637;0.057234065;213.5227974;83.30498109;0.357101954;14.45679969;0.054873897;213.5227974;203.8336182;-0.036854236;14.1676637;0.056644023;207.4796993;171.4260984;-0.028970949
"1048_Quercus robur";"Quercus robur";1048;29.92715065;-1623.467438;29.95455292;11.21074824;-150.8386439;29.97311436;11.57611729;-13.04476321;11.41220958;0.067383681;170.3245013;10.79038108;11.0698433;0.06334066;175.4342363;62.1119788;-0.109420903;11.75457587;0.06334066;182.2472164;67.21946155;-0.110076617;11.29808749;0.06536217;182.2472164;258.5276636;-9.275789921;-0.736909502;11.0698433;0.06536217;180.5439713;65.95277363;-0.111238018;11.29808749;0.064688333;175.4342363;199.3995497;-0.043003856;11.41220958;0.064014497;180.5439713;190.2122334;-0.040169365
"1050_Aesculus hippocastanum";"Aesculus hippocastanum";1050;29.95777864;-1477.389074;17.77077606;11.79454616;-59.22248444;17.43784752;12.20191673;-3.685394776;11.75902751;0.099898325;100.4531791;3.041236631;11.99420806;0.092905442;105.4758381;12.93388717;0.061332135;11.52384696;0.096901375;103.4667745;11.99340949;0.059137701;11.99420806;0.093904425;107.4849017;94.70322553;-4.234188446;-0.297836328;11.75902751;0.094903408;105.4758381;12.86894169;0.06144372;11.64143724;0.095902392;107.4849017;95.28962196;-0.02259291;11.87661779;0.093904425;104.4713063;96.70347605;-0.023821998
"1050_Betula pendula";"Betula pendula";1050;29.78544507;-1552.868534;16.81512153;11.59988792;-75.24065486;27.18851649;13.14997638;-47.28139172;11.71986671;0.087683219;112.3119536;5.741135042;11.60266804;0.082422226;115.6813122;22.43366786;0.037701762;11.60266804;0.084175891;117.9275513;23.524699;0.036249943;11.71986671;0.085052723;119.0506708;142.9349388;-5.933624871;-0.650899149;12.07146271;0.082422226;119.0506708;24.18163966;0.035345407;11.95426404;0.083299058;115.6813122;132.3820255;-0.031452211;11.95426404;0.084175891;117.9275513;148.7445519;-0.036647246
"1050_Fagus sylvatica";"Fagus sylvatica";1050;29.42540935;-1581.369454;19.75680694;11.56280004;-93.16700804;18.8216735;11.74091912;-4.600556699;11.72031666;0.031856669;108.5080572;6.146613742;11.95472299;0.030582402;116.1036212;31.63756859;-0.433186002;11.60311349;0.029626702;112.8483795;30.45694459;-0.417391378;11.60311349;0.030582402;111.7632989;160.5010008;-6.866767623;-0.435448353;11.60311349;0.029945269;113.9334601;30.84075968;-0.422578332;12.07192616;0.030900969;111.7632989;132.1330254;-0.030335957;11.72031666;0.030263835;115.0185406;149.7451494;-0.035800248
"1050_Quercus robur";"Quercus robur";1050;29.82894248;-1481.242869;18.34257886;11.42423451;-15.90623426;29.33303008;11.98121628;-7.018343026;12.89886609;0.022512734;229.2611205;21.24596937;13.15684341;0.02116197;238.4315653;85.37670454;0.238581186;13.28583207;0.021612225;236.1389541;85.00175314;0.240327881;13.02785475;0.021612225;240.7241765;166.1778227;-4.043588921;-0.413627357;13.02785475;0.021387097;243.0167878;87.01842238;0.23651728;12.76987743;0.020936843;238.4315653;155.6790672;-0.020600812;13.28583207;0.020936843;238.4315653;162.3555285;-0.023048081
"1053_Aesculus hippocastanum";"Aesculus hippocastanum";1053;29.94847647;-1136.393469;15.14638574;12.38569887;-1.00439688;15.01335674;12.43561884;-0.006932636;13.05260073;0.080121883;238.2906055;9.308949171;13.18312674;0.074513351;247.8222297;82.73365834;0.30407113;12.79154871;0.074513351;254.9709479;84.52319986;0.229597225;12.79154871;0.076917008;250.2051358;301.062487;-11.11893804;-0.40516176;13.44417875;0.076115789;254.9709479;84.58933152;0.228513219;12.66102271;0.07531457;250.2051358;313.9185775;-0.065904762;12.79154871;0.076115789;245.4393237;335.1382487;-0.073582279
"1053_Betula pendula";"Betula pendula";1053;29.98215085;-947.7457088;17.82263027;13.06141651;-1.24559994;25.59525792;13.16060712;-0.473144838;13.0798082;0.026902433;242.1389837;1.823550101;13.0798082;0.025019262;254.2459329;66.20745816;0.051998834;12.81821203;0.025019262;251.824543;65.50814699;0.052400483;13.0798082;0.025019262;251.824543;195.4491549;-6.876668842;0.149500789;13.0798082;0.025019262;249.4031532;64.79057293;0.052739378;13.34140436;0.025557311;251.824543;223.1838342;-0.043962098;13.21060628;0.025019262;259.0887126;235.6097979;-0.047692012
"1053_Fagus sylvatica";"Fagus sylvatica";1053;29.99946877;-1472.983907;28.95868595;11.25551725;-119.5190292;29.81212819;11.6181789;-8.856796581;13.6142237;0.075199267;215.2013604;37.05443735;13.47808147;0.071439303;225.9614285;87.60862829;1.417074967;13.47808147;0.072191296;230.2654557;89.88495099;1.366392992;13.88650818;0.071439303;230.2654557;357.5764228;-13.8484819;-0.296174476;14.02265042;0.072191296;228.1134421;88.78075584;1.393244456;13.75036594;0.072191296;225.9614285;326.8020308;-0.072450142;13.6142237;0.072943289;223.8094149;308.0191082;-0.067963521
"1057_Betula pendula";"Betula pendula";1057;17.46142759;-414.9404634;17.29018557;15.12576739;-271.7463513;16.71575059;15.95178058;-55.87345859;14.66175693;0.098581459;159.0705768;31.28104418;15.10160964;0.091680757;170.2055172;43.4193974;-0.490713737;14.36852179;0.0946382;165.4333999;40.22884123;-0.442643836;14.51513936;0.0946382;170.2055172;64.69843538;-1.641307762;0.445082316;14.8083745;0.0946382;168.6148114;42.30025368;-0.473428232;15.10160964;0.092666571;170.2055172;178.7092804;-0.041164593;14.8083745;0.0946382;167.0241056;199.8004285;-0.04909934
"106_Aesculus hippocastanum";"Aesculus hippocastanum";106;18.26829118;-482.0294167;16.22166219;15.03746039;-219.5284985;15.86507184;15.89029341;-43.08415677;13.48805096;0.097816244;141.3186798;17.43281096;13.62293147;0.090969107;145.5582402;27.34363779;-0.053399877;13.62293147;0.093903594;149.7978006;29.70608672;-0.056776836;13.62293147;0.091947269;149.7978006;98.81009046;-3.974997448;0.203150053;13.35317045;0.090969107;148.3846138;28.96035254;-0.055943572;13.75781198;0.092925432;148.3846138;157.386922;-0.040267508;13.48805096;0.090969107;151.2109874;177.693049;-0.047154171
"106_Betula pendula";"Betula pendula";106;29.05623663;-1191.213843;28.90797339;12.90633933;-269.9704914;28.41238891;13.52282314;-26.70563394;14.53027149;0.078597662;217.90658;36.77699977;14.38496878;0.074667779;224.4437774;77.34653682;0.008070139;14.53027149;0.076239732;226.6228432;78.67792103;0.00557719;14.96617964;0.075453755;226.6228432;270.7685591;-10.09370704;-0.029180656;14.82087692;0.073881802;230.9809748;80.85059372;0.000155337;14.96617964;0.076239732;233.1600406;244.0123888;-0.049438735;14.67557421;0.073095825;226.6228432;215.8414398;-0.042793871
"106_Fagus sylvatica";"Fagus sylvatica";106;29.86217212;-1458.671202;27.67275095;13.68061206;-557.5782035;16.09412719;13.6524896;-23.21671173;13.70248192;0.082879325;179.3396139;31.70184962;13.97653156;0.078735358;184.7198023;58.63406399;0.1677988;13.70248192;0.077077772;191.8933869;63.95606507;0.156657544;13.70248192;0.079564152;184.7198023;256.9213791;-9.893587723;-0.408118103;13.5654571;0.077906565;184.7198023;58.64135474;0.167726525;14.11355638;0.078735358;186.5131985;224.2804368;-0.052112857;13.29140746;0.079564152;188.3065946;214.0605118;-0.049751938
"106_Quercus robur";"Quercus robur";106;29.78430815;-1737.676481;19.83782237;11.72191118;-214.2411686;22.03315737;12.1834788;-30.56746482;11.59870176;0.027151524;102.583784;10.8712067;11.94666281;0.025250917;105.6612975;31.2368714;-0.062763551;11.48271474;0.026336978;106.6871353;31.1529447;-0.063796553;11.94666281;0.026336978;107.7129732;155.2782532;-6.206393928;-0.17019213;11.48271474;0.025522433;105.6612975;31.10923678;-0.062973877;11.48271474;0.025793948;105.6612975;131.908619;-0.034086929;11.36672772;0.025522433;107.7129732;129.6812316;-0.033826947
"1060_Aesculus hippocastanum";"Aesculus hippocastanum";1060;19.76055289;-613.5179293;21.76617391;15.99402819;-626.6812632;26.07946568;15.8940643;-126.7790379;15.9496941;0.083831486;200.7462492;54.81774456;16.10919104;0.077963282;212.7910242;78.16176053;0.155049072;15.47120328;0.079639912;214.7984867;79.41277159;0.158152835;15.9496941;0.079639912;214.7984867;141.0253709;-2.72494921;-0.440710482;15.47120328;0.079639912;214.7984867;79.41277159;0.158152835;15.79019716;0.081316542;212.7910242;183.2952414;-0.033187473;16.42818492;0.077963282;206.7686367;145.870849;-0.022993524
"1062_Aesculus hippocastanum";"Aesculus hippocastanum";1062;29.81122057;-1356.688033;27.8121026;15.84774461;-996.5674453;26.77873898;14.62148244;-72.58386042;14.63914249;0.088245124;174.5692601;37.75042502;14.34635964;0.082067965;183.2977231;69.54386711;-0.105933032;14.34635964;0.082067965;181.5520305;68.3580017;-0.103767318;14.78553391;0.082067965;181.5520305;186.3890487;-6.100449842;-0.618332276;15.07831676;0.082950416;183.2977231;69.57402346;-0.106039319;14.19996821;0.082067965;179.8063379;173.3230674;-0.033568019;14.78553391;0.082950416;183.2977231;150.3872081;-0.027929892
"1062_Betula pendula";"Betula pendula";1062;28.29227716;-1414.427268;15.2435342;12.81423499;-152.9852118;20.43609702;15.68068973;-108.1624167;13.96785043;0.025935702;138.8662287;26.64288362;13.96785043;0.024638917;144.4208779;50.27899015;0.169609463;14.10752893;0.024638917;143.0322156;49.5941555;0.167848857;13.54881492;0.024120203;145.8095402;160.1056235;-5.884894643;-0.421170843;13.96785043;0.02437956;148.5868647;52.34679235;0.17344414;14.10752893;0.02437956;148.5868647;143.176444;-0.029239324;13.96785043;0.02437956;143.0322156;140.6028257;-0.032050214
"1062_Fagus sylvatica";"Fagus sylvatica";1062;29.85599491;-1474.634457;15.39956787;12.93878867;-145.2140535;19.2465875;15.67072241;-88.14012462;12.71642142;0.053612455;103.5023776;10.04979531;12.84358563;0.050931832;108.6774964;24.61350947;0.007336177;12.97074984;0.050931832;109.7125202;25.13427624;0.008459616;12.84358563;0.050931832;107.6424727;103.0339811;-4.102000693;-0.390661312;12.71642142;0.051467957;106.6074489;23.52258828;0.005029041;12.97074984;0.049859583;107.6424727;92.96633469;-0.022079426;12.5892572;0.050395708;106.6074489;97.4658388;-0.025966373
"1062_Quercus robur";"Quercus robur";1062;23.04092532;-1232.82027;21.65471319;14.29928092;-669.2833989;20.65137564;15.53946327;-158.2326934;12.87874772;0.09354988;105.7026717;26.55271566;12.74996024;0.090743383;110.9878053;37.58670358;0.366690754;13.13632267;0.088872386;109.9307785;37.00914707;0.359527212;12.49238529;0.087001388;108.8737518;96.19789426;-3.274250951;-0.150607619;12.87874772;0.090743383;112.044832;38.20154391;0.373429077;12.49238529;0.090743383;108.8737518;104.2848928;-0.023674814;13.0075352;0.088872386;110.9878053;108.0949568;-0.026958094
"1063_Betula pendula";"Betula pendula";1063;23.80584834;-1122.675204;25.9215085;15.92718154;-1071.976492;29.08802672;13.54253807;-59.56938669;15.95738033;0.08699993;188.6324875;66.27399243;16.27652794;0.084389932;198.0641119;90.96477519;0.027772547;15.95738033;0.083519933;196.177787;89.99751258;0.028794257;15.63823273;0.080909935;196.177787;199.5618718;-5.809976494;-0.701289836;15.95738033;0.084389932;196.177787;90.0412868;0.028874741;15.63823273;0.083519933;194.2914621;196.1350406;-0.037143582;16.43610175;0.084389932;196.177787;199.7374856;-0.039581984
"1064_Aesculus hippocastanum";"Aesculus hippocastanum";1064;29.92773956;-1472.577358;15.21600847;11.8958046;-37.85327354;20.20439293;12.82743566;-11.51736702;14.6073676;0.094918132;178.0140022;43.04398194;14.6073676;0.091121407;190.4749824;78.9139195;0.652247554;14.89951495;0.091121407;186.9147023;76.70561105;0.659081667;14.6073676;0.091121407;185.1345623;264.3570703;-10.70916765;-0.119825375;14.89951495;0.088273863;188.6948424;77.73633571;0.652757977;14.46129393;0.091121407;186.9147023;224.442074;-0.047708774;14.75344128;0.091121407;186.9147023;211.4786637;-0.046984729
"1064_Betula pendula";"Betula pendula";1064;29.34173775;-1380.133036;16.64328333;12.99407484;-151.160926;24.87657928;13.45209184;-28.59753103;12.56901117;0.044308167;100.7880079;7.271401842;12.69470128;0.042535841;104.8195282;23.39619126;0.044539741;12.8203914;0.042092759;104.8195282;23.48422756;0.044380185;12.94608151;0.042535841;107.8431684;67.66731864;-2.488567271;0.021234453;12.8203914;0.042978922;107.8431684;24.77724628;0.043003291;12.56901117;0.042092759;103.8116481;62.40803635;-0.012685503;12.19194084;0.041649677;104.8195282;87.79714732;-0.022170868
"1064_Fagus sylvatica";"Fagus sylvatica";1064;27.05668779;-1263.762204;17.32183873;13.82170389;-274.3313016;15.01465681;14.81466596;-38.93402842;12.93755836;0.092800278;102.1246191;12.26105646;13.06693394;0.088160264;109.2733424;22.51427001;0.123281186;12.80818278;0.09001627;107.23085;21.41764957;0.123640915;12.54943161;0.087232262;105.1883577;54.76466054;-2.120669434;0.265921737;13.32568511;0.087232262;109.2733424;22.54250644;0.122990087;13.32568511;0.088160264;105.1883577;80.02948372;-0.019502966;13.32568511;0.088160264;105.1883577;92.02141889;-0.025494742
"1066_Aesculus hippocastanum";"Aesculus hippocastanum";1066;28.3226953;-1290.990845;19.48684382;13.10754793;-233.0700792;24.23604173;14.03687408;-52.15820044;12.60692275;0.099693996;126.8385668;12.01037734;12.73299197;0.094709296;134.4488808;28.31785856;-0.068892109;12.8590612;0.095706236;135.7172665;29.05699135;-0.069932365;12.73299197;0.093712356;131.9121095;93.17736157;-3.278173906;-0.22262413;12.8590612;0.092715416;131.9121095;26.87388972;-0.066773461;12.48085352;0.092715416;135.7172665;154.7138232;-0.039691951;12.98513043;0.095706236;130.6437238;37.44664297;-0.003711691
"1066_Quercus robur";"Quercus robur";1066;28.01934434;-1489.01888;26.58326246;15.72659158;-1037.957557;26.78663852;14.84021343;-151.1247942;15.82063095;0.099926814;194.265257;65.19290355;15.66242464;0.095929742;203.9785198;90.39429373;0.280488136;15.34601202;0.093931205;200.0932147;87.57766016;0.277852223;15.34601202;0.094930473;202.0358673;292.4257631;-9.690901714;-1.479607976;15.50421833;0.094930473;203.9785198;90.36125562;0.27999089;15.82063095;0.095929742;207.863825;322.140941;-0.080694743;15.50421833;0.09692901;202.0358673;342.5838751;-0.092211425
"1067_Aesculus hippocastanum";"Aesculus hippocastanum";1067;29.93492986;-1356.193122;28.88386944;13.79336021;-535.9095017;16.5688315;14.45340844;-26.82970551;14.00275608;0.098249709;158.0184945;26.43559775;13.72270096;0.093337224;162.7590493;43.85379921;-0.205159824;14.14278364;0.093337224;165.9194192;46.20659069;-0.189784776;13.5826734;0.095302218;162.7590493;164.4859975;-5.88186987;-0.333756603;13.72270096;0.092354727;164.3392342;45.03996628;-0.197597042;13.5826734;0.092354727;165.9194192;207.5123136;-0.051925206;13.86272852;0.093337224;164.3392342;219.8797934;-0.056590708
"1068_Aesculus hippocastanum";"Aesculus hippocastanum";1068;19.04433862;-533.4330332;15.0026637;12.55559409;-92.50757208;15.12653717;14.1294611;-20.46276314;12.55364024;0.099848528;100.1732455;5.155114486;12.80471304;0.094856102;106.1836402;11.13768177;-0.016954656;12.67917664;0.096853073;107.1853726;11.42132605;-0.015450393;12.17703103;0.093857617;103.1784428;45.06127352;-1.68755389;-0.03958548;12.80471304;0.092859131;106.1836402;11.18297287;-0.016397235;12.80471304;0.092859131;104.1801753;88.5916568;-0.023229694;12.30256743;0.096853073;104.1801753;102.2277814;-0.027609637
